{
  "run_id": "bs1024_lr0.001_ldos0.25_lscan0.75_pgd5_step0.001",
  "params": {
    "batch_size": 1024,
    "learning_rate": 0.001,
    "lambda_dos": 0.25,
    "lambda_scan": 0.75,
    "pgd_steps": 5,
    "pgd_step_size": 0.001
  },
  "best_epoch": 2,
  "best_val_score": 3.4839215950728444,
  "own_test_acc": 0.8527546383945476,
  "own_test_macro_f1": 0.8636350937035823,
  "own_test_dos_sat": 0.9475085583872195,
  "own_test_scan_sat": 0.8451286764705882,
  "own_test_dos_loss": 0.021764247986063297,
  "own_test_scan_loss": 0.01671085347804953,
  "cross_acc": 0.9716240653160696,
  "cross_macro_f1": 0.9654870475571804,
  "cross_dos_sat": 0.9739295286657514,
  "cross_scan_sat": 0.9979867438850614,
  "cross_dos_loss": 0.006169028696986112,
  "cross_scan_loss": 0.0003425373534456326,
  "final_score": 1.117508689793037,
  "runtime_seconds": 49.7703378200531,
  "status": "ok"
}